"ColNum","Head1","Head2","SubFile","Evo","Reformat","VarName","Linked","Header"
1,"Patient.ID",,,,,,,"Patient.ID"
4,"Survey.Session.ID",,,,,,,"Survey.Session.ID"
5,"Survey.Time",,,,,,,"Survey.Time"
7,"Gender",,,,,,,"Gender"
8,"Race",,,,,,,"Race"
9,"Birthdate",,,,,,,"Birthdate"
10,"3..I.would.like.to.be.contacted.by.the.Registry.if.researchers.learn.anything.new.about.PMS.",,,,,,,"3..I.would.like.to.be.contacted.by.the.Registry.if.researchers.learn.anything.new.about.PMS."
11,,"UE_CONSENT_11",,,,,,"_UE_CONSENT_11"
12,"5..I.give.permission.to.the.Foundation.to.contact.me.at.least.once.a.year.to.ask.about.changes.to.my.medical.condition,.to.request.that.I.upload.particular.attachments,.or.to.complete.forms.associated.with.my.participation.in.the.Registry.",,,,,,,"5..I.give.permission.to.the.Foundation.to.contact.me.at.least.once.a.year.to.ask.about.changes.to.my.medical.condition,.to.request.that.I.upload.particular.attachments,.or.to.complete.forms.associated.with.my.participation.in.the.Registry."
13,"Country",,,,,,,"Country"
14,"Clinical.Status",,,,,,,"Clinical.Status"
15,"Genetic.Status",,,,,,,"Genetic.Status"
16,"Did.the.baby.have.difficulties.with.feeding?","Had.difficulty.latching.on.the.breast","First-Year Development",,,,,"Did.the.baby.have.difficulties.with.feeding?_Had.difficulty.latching.on.the.breast"
17,"Did.the.baby.have.difficulties.with.feeding?","Had.difficulty.latching.on.the.bottle","First-Year Development",,,,,"Did.the.baby.have.difficulties.with.feeding?_Had.difficulty.latching.on.the.bottle"
18,"Did.the.baby.have.difficulties.with.feeding?","Had.poor.suck","First-Year Development",,,,,"Did.the.baby.have.difficulties.with.feeding?_Had.poor.suck"
19,"Did.the.baby.have.difficulties.with.feeding?","Had.swallowing.problems","First-Year Development",,,,,"Did.the.baby.have.difficulties.with.feeding?_Had.swallowing.problems"
20,"Did.the.baby.have.difficulties.with.feeding?","Required.special.feeds","First-Year Development",,,,,"Did.the.baby.have.difficulties.with.feeding?_Required.special.feeds"
21,"Did.the.baby.have.difficulties.with.feeding?","No","First-Year Development",,,,,"Did.the.baby.have.difficulties.with.feeding?_No"
22,"Did.the.baby.have.difficulties.with.feeding?","Unsure","First-Year Development",,,,,"Did.the.baby.have.difficulties.with.feeding?_Unsure"
23,"Did.the.baby.have.difficulties.with.feeding?","Other","First-Year Development",,,,,"Did.the.baby.have.difficulties.with.feeding?_Other"
24,"Did.the.baby.have.difficulties.with.feeding?","Other.Value","First-Year Development",,,,,"Did.the.baby.have.difficulties.with.feeding?_Other.Value"
25,"If.the.baby.required.special.feeds,.what.type?","Nasogastric.(NG).tube","First-Year Development",,,,,"If.the.baby.required.special.feeds,.what.type?_Nasogastric.(NG).tube"
26,"If.the.baby.required.special.feeds,.what.type?","Thickened.liquid","First-Year Development",,,,,"If.the.baby.required.special.feeds,.what.type?_Thickened.liquid"
27,"If.the.baby.required.special.feeds,.what.type?","Special.nipples","First-Year Development",,,,,"If.the.baby.required.special.feeds,.what.type?_Special.nipples"
28,"If.the.baby.required.special.feeds,.what.type?","Gavage.(force.feeding)","First-Year Development",,,,,"If.the.baby.required.special.feeds,.what.type?_Gavage.(force.feeding)"
29,"If.the.baby.required.special.feeds,.what.type?","Unsure","First-Year Development",,,,,"If.the.baby.required.special.feeds,.what.type?_Unsure"
30,"If.the.baby.required.special.feeds,.what.type?","Not.applicable","First-Year Development",,,,,"If.the.baby.required.special.feeds,.what.type?_Not.applicable"
31,"If.the.baby.required.special.feeds,.what.type?","Other","First-Year Development",,,,,"If.the.baby.required.special.feeds,.what.type?_Other"
32,"If.the.baby.required.special.feeds,.what.type?","Other.Value","First-Year Development",,,,,"If.the.baby.required.special.feeds,.what.type?_Other.Value"
33,"How.long.were.special.feeds.required?",,"First-Year Development",,,,,"How.long.were.special.feeds.required?"
34,"If.the.patient.continued.to.exhibit.feeding.difficulties,.was.a.G-tube.placed?",,"First-Year Development",,,,,"If.the.patient.continued.to.exhibit.feeding.difficulties,.was.a.G-tube.placed?"
35,"At.what.age.was.a.G-tube.placed?",,"First-Year Development",,,,,"At.what.age.was.a.G-tube.placed?"
36,"How.long.has.the.G-tube.remained.in.place?",,"First-Year Development",,,,,"How.long.has.the.G-tube.remained.in.place?"
37,"Has.the.patient.ever.shown.any.of.the.following.symptoms?","Floppy.baby_Symptoms","Physical Development",,"refactor","Symptoms",1,"Has.the.patient.ever.shown.any.of.the.following.symptoms?_Floppy.baby_Symptoms"
38,"Has.the.patient.ever.shown.any.of.the.following.symptoms?","Floppy.baby_Age.at.Symptoms","Physical Development",,,"Age.at.symptoms",1,"Has.the.patient.ever.shown.any.of.the.following.symptoms?_Floppy.baby_Age.at.Symptoms"
39,"Has.the.patient.ever.shown.any.of.the.following.symptoms?","Floppy.baby_Status","Physical Development",,,"Status",1,"Has.the.patient.ever.shown.any.of.the.following.symptoms?_Floppy.baby_Status"
40,"Has.the.patient.ever.shown.any.of.the.following.symptoms?","Fatigues.easily_Symptoms","Physical Development",,"refactor","Symptoms",2,"Has.the.patient.ever.shown.any.of.the.following.symptoms?_Fatigues.easily_Symptoms"
41,"Has.the.patient.ever.shown.any.of.the.following.symptoms?","Fatigues.easily_Age.at.Symptoms","Physical Development",,,"Age.at.symptoms",2,"Has.the.patient.ever.shown.any.of.the.following.symptoms?_Fatigues.easily_Age.at.Symptoms"
42,"Has.the.patient.ever.shown.any.of.the.following.symptoms?","Fatigues.easily_Status","Physical Development",,,"Status",2,"Has.the.patient.ever.shown.any.of.the.following.symptoms?_Fatigues.easily_Status"
43,"Has.the.patient.ever.shown.any.of.the.following.symptoms?","Weak.muscles_Symptoms","Physical Development",,"refactor","Symptoms",3,"Has.the.patient.ever.shown.any.of.the.following.symptoms?_Weak.muscles_Symptoms"
44,"Has.the.patient.ever.shown.any.of.the.following.symptoms?","Weak.muscles_Age.at.Symptoms","Physical Development",,,"Age.at.symptoms",3,"Has.the.patient.ever.shown.any.of.the.following.symptoms?_Weak.muscles_Age.at.Symptoms"
45,"Has.the.patient.ever.shown.any.of.the.following.symptoms?","Weak.muscles_Status","Physical Development",,,"Status",3,"Has.the.patient.ever.shown.any.of.the.following.symptoms?_Weak.muscles_Status"
46,"Has.the.patient.ever.shown.any.of.the.following.symptoms?","Ligament.or.joint.laxity_Symptoms","Physical Development",,"refactor","Symptoms",4,"Has.the.patient.ever.shown.any.of.the.following.symptoms?_Ligament.or.joint.laxity_Symptoms"
47,"Has.the.patient.ever.shown.any.of.the.following.symptoms?","Ligament.or.joint.laxity_Age.at.Symptoms","Physical Development",,,"Age.at.symptoms",4,"Has.the.patient.ever.shown.any.of.the.following.symptoms?_Ligament.or.joint.laxity_Age.at.Symptoms"
48,"Has.the.patient.ever.shown.any.of.the.following.symptoms?","Ligament.or.joint.laxity_Status","Physical Development",,,"Status",4,"Has.the.patient.ever.shown.any.of.the.following.symptoms?_Ligament.or.joint.laxity_Status"
49,"Has.the.patient.ever.shown.any.of.the.following.symptoms?","Poor.reflexes_Symptoms","Physical Development",,"refactor","Symptoms",5,"Has.the.patient.ever.shown.any.of.the.following.symptoms?_Poor.reflexes_Symptoms"
50,"Has.the.patient.ever.shown.any.of.the.following.symptoms?","Poor.reflexes_Age.at.Symptoms","Physical Development",,,"Age.at.symptoms",5,"Has.the.patient.ever.shown.any.of.the.following.symptoms?_Poor.reflexes_Age.at.Symptoms"
51,"Has.the.patient.ever.shown.any.of.the.following.symptoms?","Poor.reflexes_Status","Physical Development",,,"Status",5,"Has.the.patient.ever.shown.any.of.the.following.symptoms?_Poor.reflexes_Status"
52,"If.the.patient.was.diagnosed.by.a.healthcare.professional.with.Hypotonia,.how.old.was.he/she.when.the.diagnosis.was.made?",,"Physical Development",,,,,"If.the.patient.was.diagnosed.by.a.healthcare.professional.with.Hypotonia,.how.old.was.he/she.when.the.diagnosis.was.made?"
53,"If.the.patient.has.difficulties.maintaining.balance,.does.the.inability.to.balance.depend.on.sight?.(e.g..no.balance.in.the.dark)",,"Physical Development",,,,,"If.the.patient.has.difficulties.maintaining.balance,.does.the.inability.to.balance.depend.on.sight?.(e.g..no.balance.in.the.dark)"
54,"Does.the.patient.have.difficulties.maintaining.balance?.(the.patient.falls.without.support)",,"Physical Development",,,,,"Does.the.patient.have.difficulties.maintaining.balance?.(the.patient.falls.without.support)"
55,"Does.the.patient.have.difficulties.with.motor.planning.or.motor.learning?",,"Physical Development",,,,,"Does.the.patient.have.difficulties.with.motor.planning.or.motor.learning?"
56,"Does.the.patient.have.coordination.difficulties?.(excessive.clumsiness)",,"Physical Development",,,,,"Does.the.patient.have.coordination.difficulties?.(excessive.clumsiness)"
57,"How.old.was.the.patient.when.the.following.gross.motor.milestones.were.met?","Hold.head.up.on.his/her.own","Gross Motor Development",,,,,"How.old.was.the.patient.when.the.following.gross.motor.milestones.were.met?_Hold.head.up.on.his/her.own"
58,"How.old.was.the.patient.when.the.following.gross.motor.milestones.were.met?","Roll.over.back.to.stomach","Gross Motor Development",,,,,"How.old.was.the.patient.when.the.following.gross.motor.milestones.were.met?_Roll.over.back.to.stomach"
59,"How.old.was.the.patient.when.the.following.gross.motor.milestones.were.met?","Sit.when.placed","Gross Motor Development",,,,,"How.old.was.the.patient.when.the.following.gross.motor.milestones.were.met?_Sit.when.placed"
60,"How.old.was.the.patient.when.the.following.gross.motor.milestones.were.met?","Crawl.on.hands.and.knees","Gross Motor Development",,,,,"How.old.was.the.patient.when.the.following.gross.motor.milestones.were.met?_Crawl.on.hands.and.knees"
61,"How.old.was.the.patient.when.the.following.gross.motor.milestones.were.met?","Walk.unassisted","Gross Motor Development",,,,,"How.old.was.the.patient.when.the.following.gross.motor.milestones.were.met?_Walk.unassisted"
62,"How.old.was.the.patient.when.the.following.gross.motor.milestones.were.met?","Climb.stairs.standing.up.without.help","Gross Motor Development",,,,,"How.old.was.the.patient.when.the.following.gross.motor.milestones.were.met?_Climb.stairs.standing.up.without.help"
63,"How.old.was.the.patient.when.the.following.gross.motor.milestones.were.met?","Descend.stairs.without.help","Gross Motor Development",,,,,"How.old.was.the.patient.when.the.following.gross.motor.milestones.were.met?_Descend.stairs.without.help"
64,"How.old.was.the.patient.when.the.following.gross.motor.milestones.were.met?","Jump.with.both.feet","Gross Motor Development",,,,,"How.old.was.the.patient.when.the.following.gross.motor.milestones.were.met?_Jump.with.both.feet"
65,"How.old.was.the.patient.when.the.following.gross.motor.milestones.were.met?","Pedal.tricycle","Gross Motor Development",,,,,"How.old.was.the.patient.when.the.following.gross.motor.milestones.were.met?_Pedal.tricycle"
66,"Once.the.patient.acquired.a.motor.skill,.does.the.gross.motor.skill",,"Gross Motor Development",,,,,"Once.the.patient.acquired.a.motor.skill,.does.the.gross.motor.skill"
67,"What.is.the.most.amount.of.physical.therapy.that.the.patient.has.received.on.a.regular.basis?",,"Gross Motor Development",,,,,"What.is.the.most.amount.of.physical.therapy.that.the.patient.has.received.on.a.regular.basis?"
68,"Has.the.patient.ever.experienced.a.loss.of.or.regression.in.a.previously.acquired.gross.motor.skill?",,"Gross Motor Development",,,,,"Has.the.patient.ever.experienced.a.loss.of.or.regression.in.a.previously.acquired.gross.motor.skill?"
69,"How.did.the.loss/regression.occur?",,"Gross Motor Development",,,,,"How.did.the.loss/regression.occur?"
70,"How.did.the.loss/regression.occur?","Other.Value","Gross Motor Development",,,,,"How.did.the.loss/regression.occur?_Other.Value"
71,"At.what.age.has.the.loss/regression.occurred?",,"Gross Motor Development",,,,,"At.what.age.has.the.loss/regression.occurred?"
72,"What.skill.was.lost?",,"Gross Motor Development",,,,,"What.skill.was.lost?"
73,"Was.the.lost.skill.regained?",,"Gross Motor Development",,,,,"Was.the.lost.skill.regained?"
74,"If.the.patient.received.a.recent.assessment.of.gross.motor.development,.what.was.the.age-equivalent.given.in.the.assessment?",,"Gross Motor Development",1,,,,"If.the.patient.received.a.recent.assessment.of.gross.motor.development,.what.was.the.age-equivalent.given.in.the.assessment?"
75,"How.old.was.the.patient.when.the.following.fine.motor.milestones.were.met?","Look.at,.reach.and.grasp.objects.placed.at.a.distance","Fine Motor Development",,,,,"How.old.was.the.patient.when.the.following.fine.motor.milestones.were.met?_Look.at,.reach.and.grasp.objects.placed.at.a.distance"
76,"How.old.was.the.patient.when.the.following.fine.motor.milestones.were.met?","Transfer.object.between.hands","Fine Motor Development",,,,,"How.old.was.the.patient.when.the.following.fine.motor.milestones.were.met?_Transfer.object.between.hands"
77,"How.old.was.the.patient.when.the.following.fine.motor.milestones.were.met?","Isolate.index.finger.to.point","Fine Motor Development",,,,,"How.old.was.the.patient.when.the.following.fine.motor.milestones.were.met?_Isolate.index.finger.to.point"
78,"How.old.was.the.patient.when.the.following.fine.motor.milestones.were.met?","Clap.hands","Fine Motor Development",,,,,"How.old.was.the.patient.when.the.following.fine.motor.milestones.were.met?_Clap.hands"
79,"How.old.was.the.patient.when.the.following.fine.motor.milestones.were.met?","Deliberately.release.object.to.a.container","Fine Motor Development",,,,,"How.old.was.the.patient.when.the.following.fine.motor.milestones.were.met?_Deliberately.release.object.to.a.container"
80,"How.old.was.the.patient.when.the.following.fine.motor.milestones.were.met?","Hit.two.objects.together","Fine Motor Development",,,,,"How.old.was.the.patient.when.the.following.fine.motor.milestones.were.met?_Hit.two.objects.together"
81,"How.old.was.the.patient.when.the.following.fine.motor.milestones.were.met?","Acquired.pincer.grasp","Fine Motor Development",,,,,"How.old.was.the.patient.when.the.following.fine.motor.milestones.were.met?_Acquired.pincer.grasp"
82,"How.old.was.the.patient.when.the.following.fine.motor.milestones.were.met?","Hold.and.drink.from.open.cup.unassisted","Fine Motor Development",,,,,"How.old.was.the.patient.when.the.following.fine.motor.milestones.were.met?_Hold.and.drink.from.open.cup.unassisted"
83,"How.old.was.the.patient.when.the.following.fine.motor.milestones.were.met?","Turn.knobs","Fine Motor Development",,,,,"How.old.was.the.patient.when.the.following.fine.motor.milestones.were.met?_Turn.knobs"
84,"How.old.was.the.patient.when.the.following.fine.motor.milestones.were.met?","Stack.and.balance.blocks","Fine Motor Development",,,,,"How.old.was.the.patient.when.the.following.fine.motor.milestones.were.met?_Stack.and.balance.blocks"
85,"Once.the.patient.acquired.a.motor.skill,.does.the.fine.motor.skill",,"Fine Motor Development",,,,,"Once.the.patient.acquired.a.motor.skill,.does.the.fine.motor.skill"
86,"What.is.the.most.amount.of.occupational.therapy.that.the.patient.has.received.on.a.regular.basis?",,"Fine Motor Development",,,,,"What.is.the.most.amount.of.occupational.therapy.that.the.patient.has.received.on.a.regular.basis?"
87,"Has.the.patient.ever.experienced.a.loss.of.or.regression.in.a.previously.acquired.fine.motor.skill?",,"Fine Motor Development",,,,,"Has.the.patient.ever.experienced.a.loss.of.or.regression.in.a.previously.acquired.fine.motor.skill?"
88,"How.did.the.loss/regression.occur?",,"Fine Motor Development",,,,,"How.did.the.loss/regression.occur?"
89,"How.did.the.loss/regression.occur?","Other.Value","Fine Motor Development",,,,,"How.did.the.loss/regression.occur?_Other.Value"
90,"At.what.age.has.the.loss/regression.occurred?",,"Fine Motor Development",,,,,"At.what.age.has.the.loss/regression.occurred?"
91,"What.skill.was.lost?",,"Fine Motor Development",,,,,"What.skill.was.lost?"
92,"Was.the.lost.skill.regained?",,"Fine Motor Development",,,,,"Was.the.lost.skill.regained?"
93,"If.the.patient.received.a.recent.assessment.of.fine.motor.development,.what.was.the.age-equivalent.given.in.the.assessment?",,"Fine Motor Development",1,,,,"If.the.patient.received.a.recent.assessment.of.fine.motor.development,.what.was.the.age-equivalent.given.in.the.assessment?"
94,"Is.the.patient.able.to.undress.without.assistance?","Answer","Self-Help Skills",1,,,,"Is.the.patient.able.to.undress.without.assistance?_Answer"
95,"Is.the.patient.able.to.undress.without.assistance?","Age.skill.was.attained","Self-Help Skills",1,,,,"Is.the.patient.able.to.undress.without.assistance?_Age.skill.was.attained"
96,"Is.the.patient.able.to.dress.without.assistance?","Answer","Self-Help Skills",1,,,,"Is.the.patient.able.to.dress.without.assistance?_Answer"
97,"Is.the.patient.able.to.dress.without.assistance?","Age.skill.was.attained","Self-Help Skills",1,,,,"Is.the.patient.able.to.dress.without.assistance?_Age.skill.was.attained"
98,"Is.the.patient.able.to.toilet.independently?.(during.the.day)","Answer","Self-Help Skills",1,,,,"Is.the.patient.able.to.toilet.independently?.(during.the.day)_Answer"
99,"Is.the.patient.able.to.toilet.independently?.(during.the.day)","Age.skill.was.attained","Self-Help Skills",1,,,,"Is.the.patient.able.to.toilet.independently?.(during.the.day)_Age.skill.was.attained"
100,"Is.the.patient.toilet-trained.at.night-time?","Answer","Self-Help Skills",1,,,,"Is.the.patient.toilet-trained.at.night-time?_Answer"
101,"Is.the.patient.toilet-trained.at.night-time?","Age.skill.was.attained","Self-Help Skills",1,,,,"Is.the.patient.toilet-trained.at.night-time?_Age.skill.was.attained"
102,"Is.the.patient.able.to.drink.independently?.(out.of.any.type.of.vessel)","Answer","Self-Help Skills",1,,,,"Is.the.patient.able.to.drink.independently?.(out.of.any.type.of.vessel)_Answer"
103,"Is.the.patient.able.to.drink.independently?.(out.of.any.type.of.vessel)","Age.skill.was.attained","Self-Help Skills",1,,,,"Is.the.patient.able.to.drink.independently?.(out.of.any.type.of.vessel)_Age.skill.was.attained"
104,"Is.the.patient.able.to.feed.himself/herself.independently?","1_Answer","Self-Help Skills",1,,"Answer","1","Is.the.patient.able.to.feed.himself/herself.independently?_1_Answer"
105,"Is.the.patient.able.to.feed.himself/herself.independently?","1_Age.at.milestone","Self-Help Skills",1,,"Age.at.milestone","1","Is.the.patient.able.to.feed.himself/herself.independently?_1_Age.at.milestone"
106,"Has.the.patient.ever.experienced.a.loss.of.or.regression.in.a.previously.acquired.self-help.skill?",,"Self-Help Skills",,,,,"Has.the.patient.ever.experienced.a.loss.of.or.regression.in.a.previously.acquired.self-help.skill?"
107,"How.did.the.loss/regression.occur?",,"Self-Help Skills",,,,,"How.did.the.loss/regression.occur?"
108,"How.did.the.loss/regression.occur?","Other.Value","Self-Help Skills",,,,,"How.did.the.loss/regression.occur?_Other.Value"
109,"At.what.age.has.the.loss/regression.occurred?",,"Self-Help Skills",,,,,"At.what.age.has.the.loss/regression.occurred?"
110,"What.skill.was.lost?",,"Self-Help Skills",,,,,"What.skill.was.lost?"
111,"Was.the.lost.skill.regained?",,"Self-Help Skills",,,,,"Was.the.lost.skill.regained?"
112,"Has.the.patient.ever.been.able.to.do.any.of.the.following?","Demonstrate.understanding.of.the.use.of.familiar.objects.(e.g.,.gives.cup.to.doll.to.drink)","Cognitive Development",,,,,"Has.the.patient.ever.been.able.to.do.any.of.the.following?_Demonstrate.understanding.of.the.use.of.familiar.objects.(e.g.,.gives.cup.to.doll.to.drink)"
113,"Has.the.patient.ever.been.able.to.do.any.of.the.following?","Imitate.household.activities.during.play.(e.g.,.tries.to.clean.with.sponge)","Cognitive Development",,,,,"Has.the.patient.ever.been.able.to.do.any.of.the.following?_Imitate.household.activities.during.play.(e.g.,.tries.to.clean.with.sponge)"
114,"Has.the.patient.ever.been.able.to.do.any.of.the.following?","Act.out.recent.experiences.using.gestures,.body.languages,.words","Cognitive Development",,,,,"Has.the.patient.ever.been.able.to.do.any.of.the.following?_Act.out.recent.experiences.using.gestures,.body.languages,.words"
115,"Has.the.patient.ever.been.able.to.do.any.of.the.following?","Understand.difference.between.food.and.objects.(e.g.,.unwraps.candy,.does.not.eat.non-food.objects)","Cognitive Development",,,,,"Has.the.patient.ever.been.able.to.do.any.of.the.following?_Understand.difference.between.food.and.objects.(e.g.,.unwraps.candy,.does.not.eat.non-food.objects)"
116,"Has.the.patient.ever.been.able.to.do.any.of.the.following?","Play.with.interactive.games/toys","Cognitive Development",,,,,"Has.the.patient.ever.been.able.to.do.any.of.the.following?_Play.with.interactive.games/toys"
117,"Has.the.patient.ever.been.able.to.do.any.of.the.following?","Observe.actions.of.others.and.imitate.them.at.a.later.time","Cognitive Development",,,,,"Has.the.patient.ever.been.able.to.do.any.of.the.following?_Observe.actions.of.others.and.imitate.them.at.a.later.time"
118,"Has.the.patient.ever.been.able.to.do.any.of.the.following?","Use.functional.toys.appropriately.(e.g.,.pounds.hammer)","Cognitive Development",,,,,"Has.the.patient.ever.been.able.to.do.any.of.the.following?_Use.functional.toys.appropriately.(e.g.,.pounds.hammer)"
119,"Has.the.patient.ever.been.able.to.do.any.of.the.following?","No","Cognitive Development",,,,,"Has.the.patient.ever.been.able.to.do.any.of.the.following?_No"
120,"Has.the.patient.ever.been.able.to.do.any.of.the.following?","Unsure","Cognitive Development",,,,,"Has.the.patient.ever.been.able.to.do.any.of.the.following?_Unsure"
121,"Has.the.patient.ever.experienced.regression.in.cognitive.abilities?",,"Cognitive Development",,,,,"Has.the.patient.ever.experienced.regression.in.cognitive.abilities?"
122,"How.did.the.regression.occur?",,"Cognitive Development",,,,,"How.did.the.regression.occur?"
123,"How.did.the.regression.occur?","Other.Value","Cognitive Development",,,,,"How.did.the.regression.occur?_Other.Value"
124,"At.what.age.has.the.regression.occurred?",,"Cognitive Development",,,,,"At.what.age.has.the.regression.occurred?"
125,"Was.the.ability.regained?",,"Cognitive Development",,,,,"Was.the.ability.regained?"
126,"If.the.patient.received.a.recent.assessment.of.cognitive.development,.what.was.the.age-equivalent.given.in.the.assessment?",,"Cognitive Development",1,,,,"If.the.patient.received.a.recent.assessment.of.cognitive.development,.what.was.the.age-equivalent.given.in.the.assessment?"
127,"Has.patient.been.diagnosed.with.any.of.the.following.cognitive.impairment.or.learning.disability?","Dyslexia","Cognitive Development",,,,,"Has.patient.been.diagnosed.with.any.of.the.following.cognitive.impairment.or.learning.disability?_Dyslexia"
128,"Has.patient.been.diagnosed.with.any.of.the.following.cognitive.impairment.or.learning.disability?","Dysphasia/Aphasia","Cognitive Development",,,,,"Has.patient.been.diagnosed.with.any.of.the.following.cognitive.impairment.or.learning.disability?_Dysphasia/Aphasia"
129,"Has.patient.been.diagnosed.with.any.of.the.following.cognitive.impairment.or.learning.disability?","Dyscalculia","Cognitive Development",,,,,"Has.patient.been.diagnosed.with.any.of.the.following.cognitive.impairment.or.learning.disability?_Dyscalculia"
130,"Has.patient.been.diagnosed.with.any.of.the.following.cognitive.impairment.or.learning.disability?","Auditory.processing.disorder","Cognitive Development",,,,,"Has.patient.been.diagnosed.with.any.of.the.following.cognitive.impairment.or.learning.disability?_Auditory.processing.disorder"
131,"Has.patient.been.diagnosed.with.any.of.the.following.cognitive.impairment.or.learning.disability?","Non-verbal.learning.disability","Cognitive Development",,,,,"Has.patient.been.diagnosed.with.any.of.the.following.cognitive.impairment.or.learning.disability?_Non-verbal.learning.disability"
132,"Has.patient.been.diagnosed.with.any.of.the.following.cognitive.impairment.or.learning.disability?","Intellectual.disability.(formerly.Mental.Retardation)","Cognitive Development",,,,,"Has.patient.been.diagnosed.with.any.of.the.following.cognitive.impairment.or.learning.disability?_Intellectual.disability.(formerly.Mental.Retardation)"
133,"Has.patient.been.diagnosed.with.any.of.the.following.cognitive.impairment.or.learning.disability?","No","Cognitive Development",,,,,"Has.patient.been.diagnosed.with.any.of.the.following.cognitive.impairment.or.learning.disability?_No"
134,"Has.patient.been.diagnosed.with.any.of.the.following.cognitive.impairment.or.learning.disability?","Unsure","Cognitive Development",,,,,"Has.patient.been.diagnosed.with.any.of.the.following.cognitive.impairment.or.learning.disability?_Unsure"
135,"Has.patient.been.diagnosed.with.any.of.the.following.cognitive.impairment.or.learning.disability?","Other","Cognitive Development",,,,,"Has.patient.been.diagnosed.with.any.of.the.following.cognitive.impairment.or.learning.disability?_Other"
136,"Has.patient.been.diagnosed.with.any.of.the.following.cognitive.impairment.or.learning.disability?","Other.Value","Cognitive Development",,,,,"Has.patient.been.diagnosed.with.any.of.the.following.cognitive.impairment.or.learning.disability?_Other.Value"
137,"With.PMS,.some.children.develop.understandable.verbal.speech.while.others.do.not..If.the.patient.is.over.age.2,.please.choose.the.response.that.most.closely.matches.your.child's.abilities.today.",,"Communication Development",1,,,,"With.PMS,.some.children.develop.understandable.verbal.speech.while.others.do.not..If.the.patient.is.over.age.2,.please.choose.the.response.that.most.closely.matches.your.child's.abilities.today."
138,"Has.the.patient.achieved.any.of.the.following.communication.milestones?","Social.smile","Communication Development",,,,,"Has.the.patient.achieved.any.of.the.following.communication.milestones?_Social.smile"
139,"Has.the.patient.achieved.any.of.the.following.communication.milestones?","Single.syllables.utterances.(e.g..ma,.da)","Communication Development",,,,,"Has.the.patient.achieved.any.of.the.following.communication.milestones?_Single.syllables.utterances.(e.g..ma,.da)"
140,"Has.the.patient.achieved.any.of.the.following.communication.milestones?","First.verbal.word.(e.g..'go')","Communication Development",,,,,"Has.the.patient.achieved.any.of.the.following.communication.milestones?_First.verbal.word.(e.g..'go')"
141,"Has.the.patient.achieved.any.of.the.following.communication.milestones?","Verbal.two.word.sentences.(e.g..'go.car')","Communication Development",,,,,"Has.the.patient.achieved.any.of.the.following.communication.milestones?_Verbal.two.word.sentences.(e.g..'go.car')"
142,"Has.the.patient.achieved.any.of.the.following.communication.milestones?","Read.whole.words.(word.as.an.individual.unit)","Communication Development",,,,,"Has.the.patient.achieved.any.of.the.following.communication.milestones?_Read.whole.words.(word.as.an.individual.unit)"
143,"Has.the.patient.achieved.any.of.the.following.communication.milestones?","Phonics.type.reading.(sounds.out.words)","Communication Development",,,,,"Has.the.patient.achieved.any.of.the.following.communication.milestones?_Phonics.type.reading.(sounds.out.words)"
144,"Has.the.patient.achieved.any.of.the.following.communication.milestones?","Write/type.using.a.keyboard","Communication Development",,,,,"Has.the.patient.achieved.any.of.the.following.communication.milestones?_Write/type.using.a.keyboard"
145,"What.non-verbal.communication.skills.has.the.patient.used.on.a.regular.basis?","Gesturing","Communication Development",,,,,"What.non-verbal.communication.skills.has.the.patient.used.on.a.regular.basis?_Gesturing"
146,"What.non-verbal.communication.skills.has.the.patient.used.on.a.regular.basis?","Pointing","Communication Development",,,,,"What.non-verbal.communication.skills.has.the.patient.used.on.a.regular.basis?_Pointing"
147,"What.non-verbal.communication.skills.has.the.patient.used.on.a.regular.basis?","Sign.language","Communication Development",,,,,"What.non-verbal.communication.skills.has.the.patient.used.on.a.regular.basis?_Sign.language"
148,"What.non-verbal.communication.skills.has.the.patient.used.on.a.regular.basis?","Picture.Exchange.Communication.System.(PECS)","Communication Development",,,,,"What.non-verbal.communication.skills.has.the.patient.used.on.a.regular.basis?_Picture.Exchange.Communication.System.(PECS)"
149,"What.non-verbal.communication.skills.has.the.patient.used.on.a.regular.basis?","Icons.or.symbols.for.communication.(real.photos.or.icons.to.represent.words,.actions.or.activities)","Communication Development",,,,,"What.non-verbal.communication.skills.has.the.patient.used.on.a.regular.basis?_Icons.or.symbols.for.communication.(real.photos.or.icons.to.represent.words,.actions.or.activities)"
150,"What.non-verbal.communication.skills.has.the.patient.used.on.a.regular.basis?","Voice.Output.Communication.Device","Communication Development",,,,,"What.non-verbal.communication.skills.has.the.patient.used.on.a.regular.basis?_Voice.Output.Communication.Device"
151,"What.non-verbal.communication.skills.has.the.patient.used.on.a.regular.basis?","Unsure","Communication Development",,,,,"What.non-verbal.communication.skills.has.the.patient.used.on.a.regular.basis?_Unsure"
152,"What.non-verbal.communication.skills.has.the.patient.used.on.a.regular.basis?","None","Communication Development",,,,,"What.non-verbal.communication.skills.has.the.patient.used.on.a.regular.basis?_None"
154,"What.non-verbal.communication.skills.has.the.patient.used.on.a.regular.basis?","Other","Communication Development",,,,,"What.non-verbal.communication.skills.has.the.patient.used.on.a.regular.basis?_Other"
155,"What.non-verbal.communication.skills.has.the.patient.used.on.a.regular.basis?","Other.Value","Communication Development",,,,,"What.non-verbal.communication.skills.has.the.patient.used.on.a.regular.basis?_Other.Value"
156,"Has.a.health.care.professional.ever.indicated.that.the.patient.had.symptoms.of.the.following?","1_Symptoms","Communication Development",,"refactor","Symptoms","1","Has.a.health.care.professional.ever.indicated.that.the.patient.had.symptoms.of.the.following?_1_Symptoms"
157,"Has.a.health.care.professional.ever.indicated.that.the.patient.had.symptoms.of.the.following?","1_Age.at.symptoms","Communication Development",,,"Age.at.symptoms","1","Has.a.health.care.professional.ever.indicated.that.the.patient.had.symptoms.of.the.following?_1_Age.at.symptoms"
158,"Has.a.health.care.professional.ever.indicated.that.the.patient.had.symptoms.of.the.following?","2_Symptoms","Communication Development",,"refactor","Symptoms","2","Has.a.health.care.professional.ever.indicated.that.the.patient.had.symptoms.of.the.following?_2_Symptoms"
159,"Has.a.health.care.professional.ever.indicated.that.the.patient.had.symptoms.of.the.following?","2_Age.at.symptoms","Communication Development",,,"Age.at.symptoms","2","Has.a.health.care.professional.ever.indicated.that.the.patient.had.symptoms.of.the.following?_2_Age.at.symptoms"
160,"Has.a.health.care.professional.ever.indicated.that.the.patient.had.symptoms.of.the.following?","3_Symptoms","Communication Development",,"refactor","Symptoms","3","Has.a.health.care.professional.ever.indicated.that.the.patient.had.symptoms.of.the.following?_3_Symptoms"
161,"Has.a.health.care.professional.ever.indicated.that.the.patient.had.symptoms.of.the.following?","3_Age.at.symptoms","Communication Development",,,"Age.at.symptoms","3","Has.a.health.care.professional.ever.indicated.that.the.patient.had.symptoms.of.the.following?_3_Age.at.symptoms"
162,"How.many.words.are.used.in.a.typical.sentence?",,"Communication Development",1,,,,"How.many.words.are.used.in.a.typical.sentence?"
163,"What.is.the.most.amount.of.speech.therapy.that.the.patient.has.received.on.a.regular.basis?",,"Communication Development",,,,,"What.is.the.most.amount.of.speech.therapy.that.the.patient.has.received.on.a.regular.basis?"
164,"What.speech.therapy.approaches/methods.have.been.used.with.the.patient?","Articulation.therapy","Communication Development",,,,,"What.speech.therapy.approaches/methods.have.been.used.with.the.patient?_Articulation.therapy"
165,"What.speech.therapy.approaches/methods.have.been.used.with.the.patient?","Oral.motor.therapy","Communication Development",,,,,"What.speech.therapy.approaches/methods.have.been.used.with.the.patient?_Oral.motor.therapy"
166,"What.speech.therapy.approaches/methods.have.been.used.with.the.patient?","Receptive.or.expressive.language.therapy","Communication Development",,,,,"What.speech.therapy.approaches/methods.have.been.used.with.the.patient?_Receptive.or.expressive.language.therapy"
167,"What.speech.therapy.approaches/methods.have.been.used.with.the.patient?","Sign.language","Communication Development",,,,,"What.speech.therapy.approaches/methods.have.been.used.with.the.patient?_Sign.language"
168,"What.speech.therapy.approaches/methods.have.been.used.with.the.patient?","PROMPT","Communication Development",,,,,"What.speech.therapy.approaches/methods.have.been.used.with.the.patient?_PROMPT"
169,"What.speech.therapy.approaches/methods.have.been.used.with.the.patient?","Kaufman.method.for.Apraxia","Communication Development",,,,,"What.speech.therapy.approaches/methods.have.been.used.with.the.patient?_Kaufman.method.for.Apraxia"
170,"What.speech.therapy.approaches/methods.have.been.used.with.the.patient?","Picture-exchange.communication.(PECS)","Communication Development",,,,,"What.speech.therapy.approaches/methods.have.been.used.with.the.patient?_Picture-exchange.communication.(PECS)"
171,"What.speech.therapy.approaches/methods.have.been.used.with.the.patient?","Augmentative.communication.system","Communication Development",,,,,"What.speech.therapy.approaches/methods.have.been.used.with.the.patient?_Augmentative.communication.system"
172,"What.speech.therapy.approaches/methods.have.been.used.with.the.patient?","None.of.the.above","Communication Development",,,,,"What.speech.therapy.approaches/methods.have.been.used.with.the.patient?_None.of.the.above"
173,"What.speech.therapy.approaches/methods.have.been.used.with.the.patient?","Unsure","Communication Development",,,,,"What.speech.therapy.approaches/methods.have.been.used.with.the.patient?_Unsure"
175,"What.speech.therapy.approaches/methods.have.been.used.with.the.patient?","Other","Communication Development",,,,,"What.speech.therapy.approaches/methods.have.been.used.with.the.patient?_Other"
176,"What.speech.therapy.approaches/methods.have.been.used.with.the.patient?","Other.Value","Communication Development",,,,,"What.speech.therapy.approaches/methods.have.been.used.with.the.patient?_Other.Value"
177,"If.the.patient.received.a.recent.assessment.of.speech/language.development,.what.was.the.age-equivalent.given.in.the.assessment?","Comprehension.Receptive.language.Age.at.assessment","Communication Development",1,,,,"If.the.patient.received.a.recent.assessment.of.speech/language.development,.what.was.the.age-equivalent.given.in.the.assessment?_Comprehension.Receptive.language.Age.at.assessment"
178,"If.the.patient.received.a.recent.assessment.of.speech/language.development,.what.was.the.age-equivalent.given.in.the.assessment?","Production.Expressive.Language.Age.at.assessment","Communication Development",1,,,,"If.the.patient.received.a.recent.assessment.of.speech/language.development,.what.was.the.age-equivalent.given.in.the.assessment?_Production.Expressive.Language.Age.at.assessment"
179,"What.is.the.patient's.ability.to.follow.directions?",,"Communication Development",1,,,,"What.is.the.patient's.ability.to.follow.directions?"
180,"If.the.patient.received.a.recent.assessment.of.speech/language.development,.what.was.the.age-equivalent.given.in.the.assessment?",,"Communication Development",1,,,,"If.the.patient.received.a.recent.assessment.of.speech/language.development,.what.was.the.age-equivalent.given.in.the.assessment?"
181,"Indicate.if.the.following.social/emotional.milestones.have.been.achieved.","Smile.at.others_Status","Social-Emotional Development",1,,,,"Indicate.if.the.following.social/emotional.milestones.have.been.achieved._Smile.at.others_Status"
182,"Indicate.if.the.following.social/emotional.milestones.have.been.achieved.","Play.Peek-a-boo_Status","Social-Emotional Development",1,,,,"Indicate.if.the.following.social/emotional.milestones.have.been.achieved._Play.Peek-a-boo_Status"
183,"Indicate.if.the.following.social/emotional.milestones.have.been.achieved.","Initiate.social.interaction.by.smiling,.moving.arms.and/or.vocalizing_Status","Social-Emotional Development",1,,,,"Indicate.if.the.following.social/emotional.milestones.have.been.achieved._Initiate.social.interaction.by.smiling,.moving.arms.and/or.vocalizing_Status"
184,"Indicate.if.the.following.social/emotional.milestones.have.been.achieved.","Cling.to.caregivers/familiar.adult.in.presence.of.a.stranger_Status","Social-Emotional Development",1,,,,"Indicate.if.the.following.social/emotional.milestones.have.been.achieved._Cling.to.caregivers/familiar.adult.in.presence.of.a.stranger_Status"
185,"Indicate.if.the.following.social/emotional.milestones.have.been.achieved.","Smile.when.praised,.repeats.action.for.more.praise_Status","Social-Emotional Development",1,,,,"Indicate.if.the.following.social/emotional.milestones.have.been.achieved._Smile.when.praised,.repeats.action.for.more.praise_Status"
186,"Indicate.if.the.following.social/emotional.milestones.have.been.achieved.","Respond.affectionately.to.caregivers.(gives.hug/kiss.when.asked)_Status","Social-Emotional Development",1,,,,"Indicate.if.the.following.social/emotional.milestones.have.been.achieved._Respond.affectionately.to.caregivers.(gives.hug/kiss.when.asked)_Status"
187,"Has.the.patient.ever.been.able.to.do.any.of.the.following?","Engage.in.routines.without.objection.(e.g..getting.ready.for.walk,.bed)_Status","Social-Emotional Development",1,,,,"Has.the.patient.ever.been.able.to.do.any.of.the.following?_Engage.in.routines.without.objection.(e.g..getting.ready.for.walk,.bed)_Status"
188,"Has.the.patient.ever.been.able.to.do.any.of.the.following?","Hug/kiss.caregivers,.dolls,.stuffed.animals_Status","Social-Emotional Development",1,,,,"Has.the.patient.ever.been.able.to.do.any.of.the.following?_Hug/kiss.caregivers,.dolls,.stuffed.animals_Status"
189,"Has.the.patient.ever.been.able.to.do.any.of.the.following?","Respond.to.others..emotions.(e.g..pats.someone.who.is.upset/crying)._Status","Social-Emotional Development",1,,,,"Has.the.patient.ever.been.able.to.do.any.of.the.following?_Respond.to.others..emotions.(e.g..pats.someone.who.is.upset/crying)._Status"
190,"Has.the.patient.ever.been.able.to.do.any.of.the.following?","Show.variety.of.emotions_Status","Social-Emotional Development",1,,,,"Has.the.patient.ever.been.able.to.do.any.of.the.following?_Show.variety.of.emotions_Status"
191,"Has.the.patient.ever.been.able.to.do.any.of.the.following?","Engage.in.pretend.play_Status","Social-Emotional Development",1,,,,"Has.the.patient.ever.been.able.to.do.any.of.the.following?_Engage.in.pretend.play_Status"
192,"Has.the.patient.ever.been.able.to.do.any.of.the.following?","Shows.awareness.of.imaginary.characters.(e.g..monsters,.imaginary.friends)_Status","Social-Emotional Development",1,,,,"Has.the.patient.ever.been.able.to.do.any.of.the.following?_Shows.awareness.of.imaginary.characters.(e.g..monsters,.imaginary.friends)_Status"
193,"Has.the.patient.ever.been.able.to.do.any.of.the.following?","Plays.alongside.others.but.not.with.them_Status","Social-Emotional Development",1,,,,"Has.the.patient.ever.been.able.to.do.any.of.the.following?_Plays.alongside.others.but.not.with.them_Status"
194,"Has.the.patient.ever.been.able.to.do.any.of.the.following?","Plays.with.caregivers.or.older.children_Status","Social-Emotional Development",1,,,,"Has.the.patient.ever.been.able.to.do.any.of.the.following?_Plays.with.caregivers.or.older.children_Status"
195,"Has.the.patient.ever.been.able.to.do.any.of.the.following?","Plays.with.peers_Status","Social-Emotional Development",1,,,,"Has.the.patient.ever.been.able.to.do.any.of.the.following?_Plays.with.peers_Status"
196,"Has.the.patient.ever.experienced.regression.in.social.abilities?",,"Social-Emotional Development",,,,,"Has.the.patient.ever.experienced.regression.in.social.abilities?"
197,"How.did.the.regression.occur?",,"Social-Emotional Development",,,,,"How.did.the.regression.occur?"
198,"How.did.the.regression.occur?","Other.Value","Social-Emotional Development",,,,,"How.did.the.regression.occur?_Other.Value"
199,"At.what.age.has.the.regression.occurred",,"Social-Emotional Development",,,,,"At.what.age.has.the.regression.occurred"
200,"Was.the.ability.regained?",,"Social-Emotional Development",,,,,"Was.the.ability.regained?"
201,"Has.the.patient.ever.had.a.poor.eye.contact?",,"Behavior",,,,,"Has.the.patient.ever.had.a.poor.eye.contact?"
202,"Has.the.patient.ever.displayed.any.forms.of.aggressive.behavior?","No","Behavior",,,,,"Has.the.patient.ever.displayed.any.forms.of.aggressive.behavior?_No"
203,"Has.the.patient.ever.displayed.any.forms.of.aggressive.behavior?","Rarely","Behavior",,,,,"Has.the.patient.ever.displayed.any.forms.of.aggressive.behavior?_Rarely"
204,"Has.the.patient.ever.displayed.any.forms.of.aggressive.behavior?","Sometimes","Behavior",,,,,"Has.the.patient.ever.displayed.any.forms.of.aggressive.behavior?_Sometimes"
205,"Has.the.patient.ever.displayed.any.forms.of.aggressive.behavior?","Always","Behavior",,,,,"Has.the.patient.ever.displayed.any.forms.of.aggressive.behavior?_Always"
206,"Has.the.patient.ever.displayed.any.forms.of.aggressive.behavior?","In.the.past","Behavior",,,,,"Has.the.patient.ever.displayed.any.forms.of.aggressive.behavior?_In.the.past"
207,"Has.the.patient.ever.displayed.any.forms.of.aggressive.behavior?","Only.when.stressed","Behavior",,,,,"Has.the.patient.ever.displayed.any.forms.of.aggressive.behavior?_Only.when.stressed"
208,"Has.the.patient.ever.displayed.any.forms.of.aggressive.behavior?","Unsure","Behavior",,,,,"Has.the.patient.ever.displayed.any.forms.of.aggressive.behavior?_Unsure"
209,"Has.the.patient.ever.displayed.any.forms.of.aggressive.behavior?","Other","Behavior",,,,,"Has.the.patient.ever.displayed.any.forms.of.aggressive.behavior?_Other"
210,"Has.the.patient.ever.displayed.any.forms.of.aggressive.behavior?","Other.Value","Behavior",,,,,"Has.the.patient.ever.displayed.any.forms.of.aggressive.behavior?_Other.Value"
211,"Does.the.patient.show.any.of.the.following.behaviors?","Appear.to.act.without.thinking_Status","Behavior",1,,,,"Does.the.patient.show.any.of.the.following.behaviors?_Appear.to.act.without.thinking_Status"
212,"Does.the.patient.show.any.of.the.following.behaviors?","Have.difficulty.sustaining.attention.in.tasks.or.play.activities_Status","Behavior",1,,,,"Does.the.patient.show.any.of.the.following.behaviors?_Have.difficulty.sustaining.attention.in.tasks.or.play.activities_Status"
213,"Does.the.patient.show.any.of.the.following.behaviors?","Seem.not.to.listen.when.spoken.to.directly_Status","Behavior",1,,,,"Does.the.patient.show.any.of.the.following.behaviors?_Seem.not.to.listen.when.spoken.to.directly_Status"
214,"Does.the.patient.show.any.of.the.following.behaviors?","Leave.seat.in.classroom.or.in.other.situations.in.which.remaining.seated.is.expected_Status","Behavior",1,,,,"Does.the.patient.show.any.of.the.following.behaviors?_Leave.seat.in.classroom.or.in.other.situations.in.which.remaining.seated.is.expected_Status"
215,"Does.the.patient.show.any.of.the.following.behaviors?","Run.around.or.climb.excessively.in.situations.in.which.it.is.inappropriate_Status","Behavior",1,,,,"Does.the.patient.show.any.of.the.following.behaviors?_Run.around.or.climb.excessively.in.situations.in.which.it.is.inappropriate_Status"
216,"Does.the.patient.show.any.of.the.following.behaviors?","Have.difficulty.playing.or.engaging.in.leisure.activities.quietly_Status","Behavior",1,,,,"Does.the.patient.show.any.of.the.following.behaviors?_Have.difficulty.playing.or.engaging.in.leisure.activities.quietly_Status"
217,"Does.the.patient.show.any.of.the.following.behaviors?","Act.as.if.driven.by.a.motor_Status","Behavior",1,,,,"Does.the.patient.show.any.of.the.following.behaviors?_Act.as.if.driven.by.a.motor_Status"
218,"Does.the.patient.show.any.of.the.following.behaviors?","Have.difficulty.awaiting.turn_Status","Behavior",1,,,,"Does.the.patient.show.any.of.the.following.behaviors?_Have.difficulty.awaiting.turn_Status"
219,"Has.the.patient.ever.exhibited.symptoms.of.or.been.diagnosed.with.ADD/ADHD.or.any.other.significant.attention.or.hyperactivity.issues.warranting.intervention?",,"Behavior",,,,,"Has.the.patient.ever.exhibited.symptoms.of.or.been.diagnosed.with.ADD/ADHD.or.any.other.significant.attention.or.hyperactivity.issues.warranting.intervention?"
220,"What.form.of.intervention.was.employed.to.alleviate.ADD/ADHD.symptoms?","Medication","Behavior",,,,,"What.form.of.intervention.was.employed.to.alleviate.ADD/ADHD.symptoms?_Medication"
221,"What.form.of.intervention.was.employed.to.alleviate.ADD/ADHD.symptoms?","Behavioral.therapy","Behavior",,,,,"What.form.of.intervention.was.employed.to.alleviate.ADD/ADHD.symptoms?_Behavioral.therapy"
222,"What.form.of.intervention.was.employed.to.alleviate.ADD/ADHD.symptoms?","Special.diet","Behavior",,,,,"What.form.of.intervention.was.employed.to.alleviate.ADD/ADHD.symptoms?_Special.diet"
223,"What.form.of.intervention.was.employed.to.alleviate.ADD/ADHD.symptoms?","Supplements","Behavior",,,,,"What.form.of.intervention.was.employed.to.alleviate.ADD/ADHD.symptoms?_Supplements"
224,"What.form.of.intervention.was.employed.to.alleviate.ADD/ADHD.symptoms?","Alternative/holistic.therapies.(e.g..craniosacral.therapy,.hyperbaric.chamber)","Behavior",,,,,"What.form.of.intervention.was.employed.to.alleviate.ADD/ADHD.symptoms?_Alternative/holistic.therapies.(e.g..craniosacral.therapy,.hyperbaric.chamber)"
225,"What.form.of.intervention.was.employed.to.alleviate.ADD/ADHD.symptoms?","No.intervention","Behavior",,,,,"What.form.of.intervention.was.employed.to.alleviate.ADD/ADHD.symptoms?_No.intervention"
226,"What.form.of.intervention.was.employed.to.alleviate.ADD/ADHD.symptoms?","Unsure","Behavior",,,,,"What.form.of.intervention.was.employed.to.alleviate.ADD/ADHD.symptoms?_Unsure"
228,"What.form.of.intervention.was.employed.to.alleviate.ADD/ADHD.symptoms?","Other","Behavior",,,,,"What.form.of.intervention.was.employed.to.alleviate.ADD/ADHD.symptoms?_Other"
229,"What.form.of.intervention.was.employed.to.alleviate.ADD/ADHD.symptoms?","Other.Value","Behavior",,,,,"What.form.of.intervention.was.employed.to.alleviate.ADD/ADHD.symptoms?_Other.Value"
230,"Has.the.patient.ever.exhibited.symptoms.of.or.been.diagnosed.with.an.anxiety.disorder?","Generalized.anxiety.disorder","Behavior",,,,,"Has.the.patient.ever.exhibited.symptoms.of.or.been.diagnosed.with.an.anxiety.disorder?_Generalized.anxiety.disorder"
231,"Has.the.patient.ever.exhibited.symptoms.of.or.been.diagnosed.with.an.anxiety.disorder?","Panic.disorder","Behavior",,,,,"Has.the.patient.ever.exhibited.symptoms.of.or.been.diagnosed.with.an.anxiety.disorder?_Panic.disorder"
232,"Has.the.patient.ever.exhibited.symptoms.of.or.been.diagnosed.with.an.anxiety.disorder?","Specific.phobia","Behavior",,,,,"Has.the.patient.ever.exhibited.symptoms.of.or.been.diagnosed.with.an.anxiety.disorder?_Specific.phobia"
233,"Has.the.patient.ever.exhibited.symptoms.of.or.been.diagnosed.with.an.anxiety.disorder?","Social.anxiety","Behavior",,,,,"Has.the.patient.ever.exhibited.symptoms.of.or.been.diagnosed.with.an.anxiety.disorder?_Social.anxiety"
234,"Has.the.patient.ever.exhibited.symptoms.of.or.been.diagnosed.with.an.anxiety.disorder?","Separation.anxiety.disorder","Behavior",,,,,"Has.the.patient.ever.exhibited.symptoms.of.or.been.diagnosed.with.an.anxiety.disorder?_Separation.anxiety.disorder"
235,"Has.the.patient.ever.exhibited.symptoms.of.or.been.diagnosed.with.an.anxiety.disorder?","Obsessive-compulsive.disorder","Behavior",,,,,"Has.the.patient.ever.exhibited.symptoms.of.or.been.diagnosed.with.an.anxiety.disorder?_Obsessive-compulsive.disorder"
236,"Has.the.patient.ever.exhibited.symptoms.of.or.been.diagnosed.with.an.anxiety.disorder?","No","Behavior",,,,,"Has.the.patient.ever.exhibited.symptoms.of.or.been.diagnosed.with.an.anxiety.disorder?_No"
237,"Has.the.patient.ever.exhibited.symptoms.of.or.been.diagnosed.with.an.anxiety.disorder?","Unsure","Behavior",,,,,"Has.the.patient.ever.exhibited.symptoms.of.or.been.diagnosed.with.an.anxiety.disorder?_Unsure"
238,"Has.the.patient.ever.exhibited.symptoms.of.or.been.diagnosed.with.an.anxiety.disorder?","Other","Behavior",,,,,"Has.the.patient.ever.exhibited.symptoms.of.or.been.diagnosed.with.an.anxiety.disorder?_Other"
239,"Has.the.patient.ever.exhibited.symptoms.of.or.been.diagnosed.with.an.anxiety.disorder?","Other.Value","Behavior",,,,,"Has.the.patient.ever.exhibited.symptoms.of.or.been.diagnosed.with.an.anxiety.disorder?_Other.Value"
240,"What.form.of.intervention.was.employed.to.alleviate.anxiety.symptoms?","Medication","Behavior",,,,,"What.form.of.intervention.was.employed.to.alleviate.anxiety.symptoms?_Medication"
241,"What.form.of.intervention.was.employed.to.alleviate.anxiety.symptoms?","Psychotherapy","Behavior",,,,,"What.form.of.intervention.was.employed.to.alleviate.anxiety.symptoms?_Psychotherapy"
242,"What.form.of.intervention.was.employed.to.alleviate.anxiety.symptoms?","Behavioral.therapy","Behavior",,,,,"What.form.of.intervention.was.employed.to.alleviate.anxiety.symptoms?_Behavioral.therapy"
243,"What.form.of.intervention.was.employed.to.alleviate.anxiety.symptoms?","Special.diet","Behavior",,,,,"What.form.of.intervention.was.employed.to.alleviate.anxiety.symptoms?_Special.diet"
244,"What.form.of.intervention.was.employed.to.alleviate.anxiety.symptoms?","Supplements","Behavior",,,,,"What.form.of.intervention.was.employed.to.alleviate.anxiety.symptoms?_Supplements"
245,"What.form.of.intervention.was.employed.to.alleviate.anxiety.symptoms?","Alternative/holistic.therapies.(e.g..craniosacral.therapy,.hyperbaric.chamber,.etc)","Behavior",,,,,"What.form.of.intervention.was.employed.to.alleviate.anxiety.symptoms?_Alternative/holistic.therapies.(e.g..craniosacral.therapy,.hyperbaric.chamber,.etc)"
246,"What.form.of.intervention.was.employed.to.alleviate.anxiety.symptoms?","No.intervention","Behavior",,,,,"What.form.of.intervention.was.employed.to.alleviate.anxiety.symptoms?_No.intervention"
247,"What.form.of.intervention.was.employed.to.alleviate.anxiety.symptoms?","Unsure","Behavior",,,,,"What.form.of.intervention.was.employed.to.alleviate.anxiety.symptoms?_Unsure"
249,"What.form.of.intervention.was.employed.to.alleviate.anxiety.symptoms?","Other","Behavior",,,,,"What.form.of.intervention.was.employed.to.alleviate.anxiety.symptoms?_Other"
250,"What.form.of.intervention.was.employed.to.alleviate.anxiety.symptoms?","Other.Value","Behavior",,,,,"What.form.of.intervention.was.employed.to.alleviate.anxiety.symptoms?_Other.Value"
251,"Has.the.patient.ever.exhibited.excessive.mouthing/chewing.not.associated.with.teething?",,"Behavior",,,,,"Has.the.patient.ever.exhibited.excessive.mouthing/chewing.not.associated.with.teething?"
252,"How.is.the.need.to.mouth/chew.addressed?","Blocked.(not.allowed)","Behavior",1,,,,"How.is.the.need.to.mouth/chew.addressed?_Blocked.(not.allowed)"
253,"How.is.the.need.to.mouth/chew.addressed?","Chew.toys","Behavior",1,,,,"How.is.the.need.to.mouth/chew.addressed?_Chew.toys"
254,"How.is.the.need.to.mouth/chew.addressed?","Chew.food.items.(crackers,.etc)","Behavior",1,,,,"How.is.the.need.to.mouth/chew.addressed?_Chew.food.items.(crackers,.etc)"
255,"How.is.the.need.to.mouth/chew.addressed?","Allowed.to.chew.on.cloth.items","Behavior",1,,,,"How.is.the.need.to.mouth/chew.addressed?_Allowed.to.chew.on.cloth.items"
256,"How.is.the.need.to.mouth/chew.addressed?","Allowed.to.chew.own.fingers/hands","Behavior",1,,,,"How.is.the.need.to.mouth/chew.addressed?_Allowed.to.chew.own.fingers/hands"
257,"How.is.the.need.to.mouth/chew.addressed?","Unsure","Behavior",1,,,,"How.is.the.need.to.mouth/chew.addressed?_Unsure"
258,"How.is.the.need.to.mouth/chew.addressed?","Not.applicable","Behavior",1,,,,"How.is.the.need.to.mouth/chew.addressed?_Not.applicable"
259,"How.is.the.need.to.mouth/chew.addressed?","Other","Behavior",1,,,,"How.is.the.need.to.mouth/chew.addressed?_Other"
260,"How.is.the.need.to.mouth/chew.addressed?","Other.Value","Behavior",1,,,,"How.is.the.need.to.mouth/chew.addressed?_Other.Value"
261,"Has.the.patient.ever.exhibited.symptoms.of.any.feeding.disorders?","Specific.food.aversion","Behavior",,,,,"Has.the.patient.ever.exhibited.symptoms.of.any.feeding.disorders?_Specific.food.aversion"
262,"Has.the.patient.ever.exhibited.symptoms.of.any.feeding.disorders?","Over-eating","Behavior",,,,,"Has.the.patient.ever.exhibited.symptoms.of.any.feeding.disorders?_Over-eating"
263,"Has.the.patient.ever.exhibited.symptoms.of.any.feeding.disorders?","Uncontrollable.appetite","Behavior",,,,,"Has.the.patient.ever.exhibited.symptoms.of.any.feeding.disorders?_Uncontrollable.appetite"
264,"Has.the.patient.ever.exhibited.symptoms.of.any.feeding.disorders?","Under-eating","Behavior",,,,,"Has.the.patient.ever.exhibited.symptoms.of.any.feeding.disorders?_Under-eating"
265,"Has.the.patient.ever.exhibited.symptoms.of.any.feeding.disorders?","Refuses.to.eat.and.needs.to.be.force-fed","Behavior",,,,,"Has.the.patient.ever.exhibited.symptoms.of.any.feeding.disorders?_Refuses.to.eat.and.needs.to.be.force-fed"
266,"Has.the.patient.ever.exhibited.symptoms.of.any.feeding.disorders?","Pica","Behavior",,,,,"Has.the.patient.ever.exhibited.symptoms.of.any.feeding.disorders?_Pica"
267,"Has.the.patient.ever.exhibited.symptoms.of.any.feeding.disorders?","Rumination","Behavior",,,,,"Has.the.patient.ever.exhibited.symptoms.of.any.feeding.disorders?_Rumination"
268,"Has.the.patient.ever.exhibited.symptoms.of.any.feeding.disorders?","No","Behavior",,,,,"Has.the.patient.ever.exhibited.symptoms.of.any.feeding.disorders?_No"
269,"Has.the.patient.ever.exhibited.symptoms.of.any.feeding.disorders?","Unsure","Behavior",,,,,"Has.the.patient.ever.exhibited.symptoms.of.any.feeding.disorders?_Unsure"
270,"Has.the.patient.ever.exhibited.symptoms.of.any.feeding.disorders?","Other","Behavior",,,,,"Has.the.patient.ever.exhibited.symptoms.of.any.feeding.disorders?_Other"
271,"Has.the.patient.ever.exhibited.symptoms.of.any.feeding.disorders?","Other.Value","Behavior",,,,,"Has.the.patient.ever.exhibited.symptoms.of.any.feeding.disorders?_Other.Value"
272,"Does.the.patient.receive.any.of.the.following.behavioral.therapy.interventions?","Applied.Behavioral.Analysis.(ABA)","Behavior",1,,,,"Does.the.patient.receive.any.of.the.following.behavioral.therapy.interventions?_Applied.Behavioral.Analysis.(ABA)"
273,"Does.the.patient.receive.any.of.the.following.behavioral.therapy.interventions?","Verbal.Behavioral.Therapy.(VBA)","Behavior",1,,,,"Does.the.patient.receive.any.of.the.following.behavioral.therapy.interventions?_Verbal.Behavioral.Therapy.(VBA)"
274,"Does.the.patient.receive.any.of.the.following.behavioral.therapy.interventions?","No","Behavior",1,,,,"Does.the.patient.receive.any.of.the.following.behavioral.therapy.interventions?_No"
275,"Does.the.patient.receive.any.of.the.following.behavioral.therapy.interventions?","Unsure","Behavior",1,,,,"Does.the.patient.receive.any.of.the.following.behavioral.therapy.interventions?_Unsure"
276,"How.frequently?",,"Behavior",1,,,,"How.frequently?"
277,"Is.the.therapeutic.intervention.effective?",,"Behavior",1,,,,"Is.the.therapeutic.intervention.effective?"
278,"If.the.patient.has.been.diagnosed.with.Sensory.Processing.Disorder.or.has.a.sensory.processing.problem(s),.what.was.his/her.age?",,"Sensory",,,,,"If.the.patient.has.been.diagnosed.with.Sensory.Processing.Disorder.or.has.a.sensory.processing.problem(s),.what.was.his/her.age?"
279,"What.is.the.level.of.patient's.response.to.touch?","Normal","Sensory",1,,,,"What.is.the.level.of.patient's.response.to.touch?_Normal"
280,"What.is.the.level.of.patient's.response.to.touch?","Highly.sensitive.to.touch.(tactile.defensiveness,.hyper-sensitivity)","Sensory",1,,,,"What.is.the.level.of.patient's.response.to.touch?_Highly.sensitive.to.touch.(tactile.defensiveness,.hyper-sensitivity)"
281,"What.is.the.level.of.patient's.response.to.touch?","Under-sensitive.to.touch.(under-responsiveness,.hypo-sensitivity)","Sensory",1,,,,"What.is.the.level.of.patient's.response.to.touch?_Under-sensitive.to.touch.(under-responsiveness,.hypo-sensitivity)"
282,"What.is.the.level.of.patient's.response.to.touch?","Mixed.hypo-.and.hyper-sensitivity.to.touch.throughout.the.body","Sensory",1,,,,"What.is.the.level.of.patient's.response.to.touch?_Mixed.hypo-.and.hyper-sensitivity.to.touch.throughout.the.body"
283,"What.is.the.level.of.patient's.response.to.touch?","Poor.tactile.perception.and.discrimination","Sensory",1,,,,"What.is.the.level.of.patient's.response.to.touch?_Poor.tactile.perception.and.discrimination"
284,"What.is.the.level.of.patient's.response.to.touch?","Unsure","Sensory",1,,,,"What.is.the.level.of.patient's.response.to.touch?_Unsure"
285,"What.is.the.level.of.patient's.response.to.movement?",,"Sensory",1,,,,"What.is.the.level.of.patient's.response.to.movement?"
286,"What.is.the.level.of.the.patient's.proprioceptive.sense","Normal","Sensory",1,,,,"What.is.the.level.of.the.patient's.proprioceptive.sense_Normal"
287,"What.is.the.level.of.the.patient's.proprioceptive.sense","Exhibits.sensory.seeking.behaviors.(e.g..bumps.into.objects/wall.deliberately,.enjoys.wearing.tight-fitting.clothing)","Sensory",1,,,,"What.is.the.level.of.the.patient's.proprioceptive.sense_Exhibits.sensory.seeking.behaviors.(e.g..bumps.into.objects/wall.deliberately,.enjoys.wearing.tight-fitting.clothing)"
288,"What.is.the.level.of.the.patient's.proprioceptive.sense","Exhibits.difficulty.grading.movement.(misjudges.how.much.to.flex/extend.muscles.during.movement,.gross.or.fine)","Sensory",1,,,,"What.is.the.level.of.the.patient's.proprioceptive.sense_Exhibits.difficulty.grading.movement.(misjudges.how.much.to.flex/extend.muscles.during.movement,.gross.or.fine)"
289,"What.is.the.level.of.the.patient's.proprioceptive.sense","Unsure","Sensory",1,,,,"What.is.the.level.of.the.patient's.proprioceptive.sense_Unsure"
290,"What.is.the.level.of.the.patient's.response.to.oral.input?","Normal","Sensory",1,,,,"What.is.the.level.of.the.patient's.response.to.oral.input?_Normal"
291,"What.is.the.level.of.the.patient's.response.to.oral.input?","Hyper-sensitive.(e.g..prefers.bland.tasting.food.with.little.texture,.gags.or.chokes.easily,.has.problems.chewing.and.swallowing)","Sensory",1,,,,"What.is.the.level.of.the.patient's.response.to.oral.input?_Hyper-sensitive.(e.g..prefers.bland.tasting.food.with.little.texture,.gags.or.chokes.easily,.has.problems.chewing.and.swallowing)"
292,"What.is.the.level.of.the.patient's.response.to.oral.input?","Hypo-sensitive.(e.g..grinds.teeth,.frequently.chews.on.fingers,.clothes,.non-food.items;.prefers.intensely.flavored.foods)","Sensory",1,,,,"What.is.the.level.of.the.patient's.response.to.oral.input?_Hypo-sensitive.(e.g..grinds.teeth,.frequently.chews.on.fingers,.clothes,.non-food.items;.prefers.intensely.flavored.foods)"
293,"What.is.the.level.of.the.patient's.response.to.oral.input?","Mouthing/chewing.obsessively","Sensory",1,,,,"What.is.the.level.of.the.patient's.response.to.oral.input?_Mouthing/chewing.obsessively"
294,"What.is.the.level.of.the.patient's.response.to.oral.input?","Unsure","Sensory",1,,,,"What.is.the.level.of.the.patient's.response.to.oral.input?_Unsure"
295,"What.is.the.level.of.patient's.response.to.sound?",,"Sensory",1,,,,"What.is.the.level.of.patient's.response.to.sound?"
296,"What.is.the.level.of.the.patient's.response.to.environmental.temperature.variations?","Normal","Sensory",1,,,,"What.is.the.level.of.the.patient's.response.to.environmental.temperature.variations?_Normal"
297,"What.is.the.level.of.the.patient's.response.to.environmental.temperature.variations?","Always.cold","Sensory",1,,,,"What.is.the.level.of.the.patient's.response.to.environmental.temperature.variations?_Always.cold"
298,"What.is.the.level.of.the.patient's.response.to.environmental.temperature.variations?","Overheats.easily","Sensory",1,,,,"What.is.the.level.of.the.patient's.response.to.environmental.temperature.variations?_Overheats.easily"
299,"What.is.the.level.of.the.patient's.response.to.environmental.temperature.variations?","Does.not.perspire","Sensory",1,,,,"What.is.the.level.of.the.patient's.response.to.environmental.temperature.variations?_Does.not.perspire"
300,"What.is.the.level.of.the.patient's.response.to.environmental.temperature.variations?","Perspires.less.than.typical","Sensory",1,,,,"What.is.the.level.of.the.patient's.response.to.environmental.temperature.variations?_Perspires.less.than.typical"
301,"What.is.the.level.of.the.patient's.response.to.environmental.temperature.variations?","Unsure","Sensory",1,,,,"What.is.the.level.of.the.patient's.response.to.environmental.temperature.variations?_Unsure"
302,"What.is.the.level.of.the.patient's.response.to.environmental.temperature.variations?","Other","Sensory",1,,,,"What.is.the.level.of.the.patient's.response.to.environmental.temperature.variations?_Other"
303,"What.is.the.level.of.the.patient's.response.to.environmental.temperature.variations?","Other.Value","Sensory",1,,,,"What.is.the.level.of.the.patient's.response.to.environmental.temperature.variations?_Other.Value"
304,"What.is.the.patient's.pain.tolerance.level?",,"Sensory",1,,,,"What.is.the.patient's.pain.tolerance.level?"
305,"At.what.age.did.the.patient.show.the.following.signs.of.puberty?","Acne","Puberty",,,,,"At.what.age.did.the.patient.show.the.following.signs.of.puberty?_Acne"
306,"At.what.age.did.the.patient.show.the.following.signs.of.puberty?","Mature.body.odor","Puberty",,,,,"At.what.age.did.the.patient.show.the.following.signs.of.puberty?_Mature.body.odor"
307,"At.what.age.did.the.patient.show.the.following.signs.of.puberty?","Growth.of.pubic.hair","Puberty",,,,,"At.what.age.did.the.patient.show.the.following.signs.of.puberty?_Growth.of.pubic.hair"
308,"At.what.age.did.the.patient.show.the.following.signs.of.puberty?","Growth.of.underarm.hair","Puberty",,,,,"At.what.age.did.the.patient.show.the.following.signs.of.puberty?_Growth.of.underarm.hair"
309,"At.what.age.did.the.patient.show.the.following.signs.of.puberty?","Rapid.height.growth..a.growth.spurt.","Puberty",,,,,"At.what.age.did.the.patient.show.the.following.signs.of.puberty?_Rapid.height.growth..a.growth.spurt."
310,"At.what.age.did.the.patient.show.the.following.signs.of.puberty?","Deepening.of.the.voice","Puberty",,,,,"At.what.age.did.the.patient.show.the.following.signs.of.puberty?_Deepening.of.the.voice"
311,"At.what.age.did.the.patient.show.the.following.signs.of.puberty?","Growth.of.chest.and.facial.hair","Puberty",,,,,"At.what.age.did.the.patient.show.the.following.signs.of.puberty?_Growth.of.chest.and.facial.hair"
312,"At.what.age.did.the.patient.show.the.following.signs.of.puberty?","Increase.in.the.size.of.the.testicles","Puberty",,,,,"At.what.age.did.the.patient.show.the.following.signs.of.puberty?_Increase.in.the.size.of.the.testicles"
313,"At.what.age.did.the.patient.show.the.following.signs.of.puberty?","Breast.development","Puberty",,,,,"At.what.age.did.the.patient.show.the.following.signs.of.puberty?_Breast.development"
314,"At.what.age.did.the.patient.show.the.following.signs.of.puberty?","First.period.(menstruation)","Puberty",,,,,"At.what.age.did.the.patient.show.the.following.signs.of.puberty?_First.period.(menstruation)"
315,"If.the.patient.has.reached.puberty,.has.he/she.had.any.of.the.following?","Precocious.puberty","Puberty",,,,,"If.the.patient.has.reached.puberty,.has.he/she.had.any.of.the.following?_Precocious.puberty"
316,"If.the.patient.has.reached.puberty,.has.he/she.had.any.of.the.following?","Problems.with.sex.hormones","Puberty",,,,,"If.the.patient.has.reached.puberty,.has.he/she.had.any.of.the.following?_Problems.with.sex.hormones"
317,"If.the.patient.has.reached.puberty,.has.he/she.had.any.of.the.following?","No","Puberty",,,,,"If.the.patient.has.reached.puberty,.has.he/she.had.any.of.the.following?_No"
318,"If.the.patient.has.reached.puberty,.has.he/she.had.any.of.the.following?","Unsure","Puberty",,,,,"If.the.patient.has.reached.puberty,.has.he/she.had.any.of.the.following?_Unsure"
320,"Is.the.patient's.menstrual.cycle.regular?",,"Puberty",1,,,,"Is.the.patient's.menstrual.cycle.regular?"
321,"Does.the.patient.take.birth.control.medication?",,"Puberty",1,,,,"Does.the.patient.take.birth.control.medication?"
322,"How.easy.was.the.survey.to.understand?",,"Survey Comments",,,,,"How.easy.was.the.survey.to.understand?"
323,"How.long.did.the.survey.take.to.complete?",,"Survey Comments",,,,,"How.long.did.the.survey.take.to.complete?"
324,"If.there.are.symptoms,.conditions.or.treatments.that.you.would.like.to.see.addressed.or.any.other.comments.you'd.like.to.make,.please.feel.free.",,"Survey Comments",,,,,"If.there.are.symptoms,.conditions.or.treatments.that.you.would.like.to.see.addressed.or.any.other.comments.you'd.like.to.make,.please.feel.free."
